age,years_exp,experience_dup,education,city,bonus_amount,salary
25.0,2.8586061686211646,3.4524687152521327,Bachelor,Delhi,1205.0216332009502,10087.86
55.0,,29.853095903208384,Bachelor,Mumbai,2265.3588545913335,27480.76
50.0,25.799432131913512,24.8695144286407,Bachelor,Chennai,5156.774546822908,26396.9
40.0,21.193870668042447,21.243388078546047,Bachelor,Delhi,1391.4082327364963,28986.09
40.0,16.068866128088953,16.534285241264218,Master,Mumbai,12162.449722102621,22861.81
58.0,34.35482163231804,35.2536188935352,PhD,Mumbai,771.6003186927707,32307.69
25.0,5.755370292481971,6.013519078532696,PhD,Chennai,348.1621133975667,14267.56
51.0,33.35760075386061,33.17174240556776,Bachelor,Delhi,16021.942790376906,27924.34
30.0,6.242650056761987,5.796084745969556,Bachelor,Bangalore,8248.10661012636,10742.21
26.0,3.4476265648179543,3.4533522106532817,Bachelor,Hyderabad,2356.216638714696,12063.17
44.0,22.512333326410765,22.362700974468137,Bachelor,Mumbai,3201.4529757603027,27042.03
63.0,40.0,39.49246604713559,Bachelor,Chennai,5448.985783085798,40162.3
53.0,29.519714382357645,30.544092207789287,Master,Delhi,8046.954527521318,27699.41
54.0,31.632083231086835,32.524667432122904,Bachelor,Mumbai,2372.3804757709963,30296.76
52.0,31.166006364092617,31.73403070587033,Bachelor,Bangalore,,32345.11
55.0,,33.19172391279536,Bachelor,Hyderabad,,33567.93
44.0,21.43576589315485,21.863275555303492,Bachelor,Delhi,168.63088059448816,22305.57
27.0,4.799265553225938,5.119078757974889,High School,Bangalore,9058.014056441887,8180.16
58.0,33.93765628744503,34.15892909954706,Bachelor,Delhi,549.380264349054,33252.17
41.0,18.642739384038002,19.26757201755989,Master,Bangalore,103.63719052130571,24308.65
95.0,20.600418764986568,20.918104336417205,Bachelor,Bangalore,10932.880690551352,19939.47
37.0,15.348254834439384,15.718261952591552,Bachelor,Bangalore,11532.129328369847,19845.71
29.0,6.1670091717714755,6.485462313457581,Bachelor,Bangalore,2981.098108962531,13934.46
61.0,39.70730778381771,39.87770348781876,Master,Mumbai,4058.3270706147273,39098.4
55.0,34.519073726729744,33.62726816187265,Bachelor,Bangalore,2230.4985460999656,34996.39
49.0,27.2331439915027,27.274954530207978,Master,Bangalore,2657.3207639302123,25901.73
39.0,17.527634612598806,17.249538633174243,PhD,Bangalore,1385.119816414265,18456.84
57.0,35.0797330213668,34.43981254254679,Bachelor,Mumbai,1226.6525693940657,30981.05
45.0,23.000126589637123,23.841034899287536,Master,Delhi,2070.8238928414817,28153.32
41.0,17.917662949685727,18.78216062012858,High School,Delhi,8964.69102291214,18703.08
41.0,19.474741392509962,20.15435169265777,PhD,Mumbai,16026.168174392124,22498.4
31.0,8.854070102379765,8.981676810807702,Bachelor,Mumbai,8063.389697835754,10305.13
25.0,6.139752463395892,6.81506502387222,PhD,Delhi,6142.929405236445,16313.4
45.0,25.360032353712864,25.366058944013776,Bachelor,Chennai,3260.327217579343,27659.28
60.0,38.57876982883475,38.68016846728364,High School,Mumbai,1691.2394104346192,36872.18
24.0,0.8554141854578488,0.3086785002268573,High School,Chennai,5020.482919587468,9608.84
58.0,34.331382792024876,34.529878444274296,Master,Bangalore,337.3959645259602,35147.87
57.0,36.7867144296333,36.81690739384551,Bachelor,Chennai,19309.304011387845,32590.11
33.0,11.394123837720707,10.742797779303475,High School,Delhi,6170.902273407257,14828.18
49.0,,27.694616549179116,Master,Delhi,10522.796626149651,25911.47
29.0,4.383121019538711,4.343256237610307,Master,Bangalore,65.38283325898048,14957.23
54.0,33.39115772233727,34.28993830565959,Bachelor,Hyderabad,526.4837664026678,33705.86
52.0,30.681630507321543,31.128737171578248,Bachelor,Delhi,7118.41568742557,26976.39
37.0,13.334353973378283,13.340076692924017,High School,Bangalore,136.75100285485456,17552.98
24.0,1.2927127888250767,1.4171064437256182,Master,Bangalore,3836.543462872024,8833.26
63.0,40.0,40.022106189052096,Bachelor,Chennai,1272.3933539889629,43289.84
41.0,19.078700197534367,18.977243205136592,Master,Mumbai,1875.2456295089,21085.81
60.0,37.56174322129467,37.02052962260053,Bachelor,Bangalore,6239.795985245229,36208.89
51.0,28.844767597901058,28.76924165909759,Bachelor,Delhi,1364.7244205329728,32387.25
55.0,32.622033932689675,32.24898480436342,Bachelor,Hyderabad,1889.9406094652863,32052.73
54.0,32.2288437681537,31.60368599869213,Bachelor,Delhi,4812.809496933743,31538.12
30.0,10.207237959489735,10.462848866763503,Master,Delhi,874.7293992928102,14941.64
37.0,11.150012338603053,11.34564466856967,Bachelor,Hyderabad,6098.942488670846,17216.14
42.0,19.644724603235474,18.751370847551435,Bachelor,Delhi,9424.259715116634,20451.61
43.0,,21.20342631331111,PhD,Mumbai,11959.519358807556,23593.89
23.0,1.4439909845306493,1.941841677480611,PhD,Mumbai,3762.863677014869,12568.02
45.0,,22.971739997466226,Master,Mumbai,1258.4872245944214,24578.04
28.0,3.364917326282126,3.8778357477247454,Bachelor,Mumbai,,9994.92
53.0,31.491993225571164,31.511449829021895,Bachelor,Delhi,899.9311475345671,28709.2
51.0,31.591025321246278,31.1685026572617,Master,Chennai,171.59678668653473,33865.26
61.0,36.69920789262579,36.15735847894676,Bachelor,Chennai,6741.754799646922,37183.81
54.0,33.29574202054728,33.46804447292246,High School,Mumbai,3346.821685082724,32609.77
37.0,14.507212165315659,14.69685218249824,Master,Bangalore,10942.657884363238,18618.25
63.0,,40.643665555802535,Bachelor,Mumbai,637.8367087014436,38472.76
39.0,15.420652233944077,15.970642059115118,Bachelor,Hyderabad,15225.331024575386,18077.32
36.0,13.498315741466184,13.432201413200598,PhD,Mumbai,2874.4792728949615,19736.25
60.0,39.95006689204844,39.327963952618006,Master,Bangalore,585.9485427167441,41381.28
37.0,15.87398286298156,15.714429564476111,Bachelor,Delhi,93.61558646436927,21416.39
25.0,5.598467408114916,5.707083005520179,Bachelor,Bangalore,1104.1226569339465,10861.93
42.0,21.76611783346654,21.66507621077184,Bachelor,Delhi,9487.427154042967,22453.17
56.0,34.65863001839436,34.36968296435553,High School,Chennai,1102.193777444581,32175.65
30.0,10.615901789251687,10.742344196736637,Master,Mumbai,6138.64049407381,18897.13
41.0,19.65848973810745,19.406510867402144,Master,Hyderabad,404.8439514762079,18336.23
27.0,6.241982265195588,5.927949223332901,Bachelor,Bangalore,2915.4525830456296,12178.16
51.0,28.555143569697936,28.710869986849655,Bachelor,Chennai,4905.952082925958,23811.34
42.0,20.099818723788808,19.898822433724206,Master,Chennai,8743.635182662594,21169.36
36.0,12.953864265049585,13.075916459538762,High School,Hyderabad,5385.0614217788625,16331.54
31.0,10.48437590189228,10.620977913318342,Bachelor,Mumbai,231.0741251908091,14465.99
46.0,22.2325445653277,21.662830064781915,Bachelor,Delhi,7526.905749384585,22808.94
50.0,29.17352551362649,28.932904951693786,Master,Delhi,27.126830480110726,29653.08
62.0,39.71402341374226,40.43291188370049,Bachelor,Delhi,,34359.81
40.0,19.75687064020098,19.175830883833836,Master,Bangalore,12012.655833887997,18816.12
28.0,7.12630348309689,6.067976258611624,Bachelor,Hyderabad,6251.986165567572,13696.66
57.0,37.7309692364702,36.800046659848945,Master,Hyderabad,5852.399925957383,38207.95
49.0,28.096162036707966,28.1107170099963,High School,Bangalore,3484.3063913527794,29804.76
52.0,27.64193961652014,27.65739825553649,Bachelor,Bangalore,6060.435090386005,22578.14
26.0,3.899570240652699,3.8407648129401384,Bachelor,Hyderabad,1002.2695151252525,11125.59
35.0,11.241989211107777,11.849084125572027,Bachelor,Hyderabad,3851.5585646952823,17652.48
55.0,32.22258023645059,30.886163019899122,High School,Mumbai,2220.087015525014,27017.5
85.0,37.266842649915084,37.464809587130496,Bachelor,Bangalore,1973.9264888633381,34323.16
40.0,18.956300716346544,19.73701981724833,Bachelor,Chennai,5334.970928467307,21150.77
56.0,32.95160435713188,32.38771397468602,High School,Delhi,1446.7256533854645,37298.29
58.0,34.4794239503394,34.289520694444455,PhD,Delhi,4792.4114902285455,41719.82
38.0,16.04917313931439,15.67272718070008,Bachelor,Hyderabad,2618.6062007028045,15619.25
60.0,36.17515977592831,35.72798675288954,Master,Hyderabad,24708.50341976727,43669.55
34.0,10.993289583905128,10.830158581393608,PhD,Hyderabad,,16769.05
32.0,10.468014207326865,11.181756849169117,High School,Chennai,,16222.46
51.0,30.732968054160043,31.651661391903804,Master,Delhi,11080.093661737908,32286.2
49.0,27.91314220833666,27.745172595816584,Master,Delhi,17072.886547004862,25037.85
28.0,2.56306573710285,3.5155958441350847,Master,Bangalore,5623.945637642734,11905.39
57.0,35.45655009354539,35.4743383320377,Bachelor,Bangalore,231.7991296532046,32396.54
30.0,8.108050359848868,8.984895873199408,Bachelor,Bangalore,91.65692430601192,14533.64
56.0,34.62083542805904,34.57418610323229,High School,Bangalore,540.8845208743742,32577.84
22.0,2.424314522476811,2.4898434354998833,Bachelor,Delhi,10585.789025224978,10061.77
56.0,30.905142584792884,31.087879821114303,PhD,Chennai,17615.477618465527,32085.29
55.0,32.11334486221334,33.702771701897106,PhD,Delhi,767.6214469181186,32317.01
55.0,33.88635948419003,34.31200227161243,High School,Delhi,874.4593544310143,35173.42
50.0,25.627608400819085,25.273976135843352,Master,Mumbai,,29811.83
42.0,22.21392357208026,22.69842250721819,Bachelor,Mumbai,9730.79160078862,25583.99
52.0,30.552534919050988,30.371618650508818,PhD,Hyderabad,4897.693621209322,28786.08
33.0,12.269875978765105,12.025000887314501,High School,Delhi,4642.292650597377,13756.52
55.0,,32.597885187663366,PhD,Mumbai,47.83256334810797,31286.04
45.0,24.220645534949316,24.236188328834892,Master,Chennai,3049.416556316044,23999.53
41.0,20.602707333983556,20.74199529123946,High School,Bangalore,3353.8938832622744,23695.79
43.0,21.349317030205754,21.3563096411384,High School,Mumbai,1355.7563608073428,24263.85
46.0,24.351601339048045,24.51989290235076,Master,Delhi,230.31140469739645,25481.95
23.0,1.4055148589225888,1.6179978076406634,Bachelor,Mumbai,5295.202104397619,10618.55
28.0,4.704982102890927,3.7364986365382196,Bachelor,Bangalore,5132.237118437317,13775.19
32.0,,10.111993313944238,PhD,Delhi,,17271.62
26.0,3.7712162013214616,3.2802064914063114,Bachelor,Mumbai,8881.125119796743,9807.55
40.0,18.575090796530244,17.85394122875054,Bachelor,Mumbai,8206.615433347502,23336.96
50.0,29.49973637036544,29.470530748436097,Bachelor,Bangalore,6579.425838302941,28046.32
50.0,26.412195877032385,26.454186378689613,High School,Mumbai,3170.8345413809807,26311.41
42.0,19.812486454520634,19.465733372234492,PhD,Chennai,24172.65544598046,22986.49
58.0,38.22218332148846,38.63769925032245,Bachelor,Mumbai,1476.1245607455967,31161.29
46.0,22.884617656781153,22.2135300735957,Bachelor,Bangalore,3237.9032454810426,20550.68
25.0,1.7666249740645195,1.56315309967824,Bachelor,Delhi,9769.061240172052,9149.44
54.0,32.30345928774679,32.01102222028029,PhD,Delhi,,30408.24
46.0,25.266577785727982,25.243284150558313,High School,Mumbai,3462.77358883422,33001.06
49.0,27.01713908334099,27.15657122566461,Master,Chennai,4633.654533491329,24835.15
46.0,25.993440885655485,25.48949441084371,Master,Hyderabad,8347.450997786249,22435.19
45.0,24.28519097384979,24.647332312577905,Master,Mumbai,3101.5472686181106,27056.82
25.0,,4.294231284502443,PhD,Mumbai,618.7488506579007,14734.76
46.0,24.83117475198614,23.885201625330186,Master,Hyderabad,1250.6848170663302,26447.12
56.0,37.491479650519125,36.51218393032061,PhD,Bangalore,3990.1783474598833,38182.22
35.0,12.692257466700934,12.686097820236277,High School,Mumbai,265.4971638621445,12871.81
47.0,21.99471656190023,21.884232903007053,Master,Mumbai,,22395.08
23.0,3.4063815422757115,3.354671485488395,Bachelor,Bangalore,426.0601204241378,8213.12
36.0,13.313450853564762,13.299459625299653,Bachelor,Chennai,2090.5049794194438,13830.38
40.0,18.16182066651455,18.274600586269642,Master,Bangalore,5171.18724281855,21840.32
64.0,40.0,40.47382480492415,PhD,Hyderabad,965.664318109403,29524.57
31.0,6.596610688411612,6.041058237952833,Master,Delhi,3645.936002916177,12555.39
33.0,9.122529178840791,8.536543382390393,Bachelor,Delhi,27929.028099197454,13999.85
39.0,14.59808309432172,14.051421165378027,Bachelor,Delhi,344.24528842386746,16780.69
64.0,40.0,40.14445833358435,Bachelor,Delhi,4910.26200094239,38046.59
58.0,36.65945490902549,37.28192859834871,Bachelor,Mumbai,5394.722659092602,34983.31
23.0,1.7862817642191564,1.5706120450994012,Bachelor,Mumbai,5506.012998482991,10298.35
32.0,10.414411268992831,9.163561346913003,High School,Delhi,14942.46496947003,16775.15
57.0,32.88085117416145,32.02885474285626,High School,Chennai,6320.051598320872,34419.49
24.0,0.0,-0.4165183613980058,Master,Mumbai,16607.576597219868,9261.73
58.0,36.081530378085574,35.802665934337966,Bachelor,Delhi,3505.9002191569784,34772.56
34.0,11.292335949542496,11.088141635915132,PhD,Bangalore,,19305.76
61.0,,39.708369219065375,Master,Bangalore,18304.614748474927,36857.33
34.0,13.052930439331906,12.897057273920682,High School,Chennai,4725.198153448156,14819.32
40.0,,18.732031953359726,Bachelor,Chennai,1691.461837408378,19898.08
50.0,29.14019962806378,28.802190975223095,Bachelor,Chennai,7400.655218909039,25273.3
27.0,5.343817061172603,4.912658081434831,PhD,Mumbai,5109.021105217024,13726.14
45.0,23.7950970584022,24.03453482766243,Bachelor,Delhi,6556.290048876719,24045.53
43.0,19.942990105695177,19.175169070732117,Bachelor,Bangalore,4711.027683955871,20259.36
55.0,32.730582879252815,32.92542873191282,PhD,Mumbai,9442.328847425179,31393.34
64.0,40.0,40.051276591863136,PhD,Mumbai,2469.480413815448,34258.95
50.0,29.230792713126128,29.157071468167043,Bachelor,Mumbai,975.2500390056731,31035.51
39.0,16.40938824166314,17.203526295237772,High School,Delhi,1274.7537783199045,19040.68
39.0,,17.470647160950808,Bachelor,Delhi,6431.90884238336,17644.15
39.0,16.601241812126933,17.63139089738897,High School,Mumbai,5035.401879866398,20574.12
57.0,34.823686749007805,34.71097102439376,Bachelor,Chennai,15563.180194460838,30801.62
35.0,14.24427856303611,13.605770340550995,Bachelor,Hyderabad,3844.0134282485787,15606.64
29.0,4.010409443418766,4.045369233916179,PhD,Mumbai,1633.417616221901,14593.3
36.0,12.055291507887858,11.517168907728474,Bachelor,Hyderabad,21664.083950756776,16605.91
22.0,0.0,-0.3758779239067501,Master,Mumbai,13130.324717858208,7815.03
26.0,0.4995758202275429,0.6980924702352884,Bachelor,Hyderabad,8748.064351388606,8660.56
25.0,1.982603339767235,2.2603943840922973,Master,Hyderabad,11740.25979693563,11941.43
55.0,34.12415084959161,33.81306699946448,Master,Mumbai,2693.3072490499317,33468.37
53.0,,31.06637647294934,Master,Chennai,1531.192029122239,26740.94
51.0,29.296685122912777,29.875439001923343,PhD,Hyderabad,2078.287051863849,32537.98
41.0,20.63382624506619,21.351977123347833,Bachelor,Hyderabad,11370.97685354852,20030.75
52.0,31.991529198401537,32.256235901964395,High School,Hyderabad,7715.923036239418,34726.69
28.0,5.896293097910791,6.57800745395364,Bachelor,Bangalore,321.22489826818884,12411.43
60.0,40.0,39.05960078601297,Bachelor,Mumbai,,26680.83
43.0,21.138189987651163,20.97923671333693,PhD,Chennai,1769.8317287277448,25506.39
62.0,38.743902664258805,38.31040003609709,Bachelor,Bangalore,17045.669778513453,43187.7
28.0,5.1083994717018975,5.168012402265593,Master,Bangalore,8006.651918287153,14616.54
43.0,18.779195231152475,18.493470621554106,Bachelor,Delhi,5742.522609254203,26477.28
51.0,27.667799219399523,27.584720298424656,Bachelor,Bangalore,4029.061095640446,24829.23
43.0,20.462974967888357,21.40406240799038,Bachelor,Mumbai,1087.3118627544573,25468.63
41.0,20.205377529067903,20.120517630857712,Master,Chennai,6353.174455842947,21062.04
29.0,9.581154746748975,9.788050905344083,Master,Mumbai,3965.4588304263903,15384.26
38.0,13.92672772693444,13.810593061972321,Bachelor,Chennai,9348.06110954612,69924.45884484376
32.0,10.589241202389879,10.627097846368295,Bachelor,Chennai,2133.15375627167,13943.89
34.0,10.439184091263698,10.442192431481734,Master,Delhi,5719.365285206166,16821.06
51.0,29.712045632694803,29.936207665681383,Bachelor,Bangalore,559.9311178170454,31898.33
49.0,,27.386023791741998,PhD,Delhi,1212.3556300145174,31749.63
48.0,23.253641261228704,24.07733826003037,Bachelor,Hyderabad,1165.5535503984609,26025.79
37.0,16.392445487352727,16.54725552830731,High School,Chennai,2274.975881134761,16683.52
63.0,40.0,40.2947734430178,Bachelor,Delhi,10493.413138817046,35549.7
25.0,2.199149642439668,1.6237173878468845,Bachelor,Mumbai,3272.2754165247466,8368.89
36.0,12.395371383065465,12.351433011857655,Bachelor,Mumbai,3897.228249739543,19457.56
27.0,4.018575084968667,4.488719817410462,Bachelor,Delhi,434.01580488011007,12360.16
36.0,14.641835661042375,15.074819980250952,PhD,Hyderabad,3133.442461962216,22657.0
63.0,40.0,40.10580486639753,Bachelor,Chennai,3436.307523703085,32739.5
37.0,15.492993003423722,15.936189983207699,Bachelor,Mumbai,2148.8463286750957,13622.49
61.0,39.542882780893265,39.788266135390174,Bachelor,Hyderabad,5527.060009420578,28442.52
43.0,22.98099248329225,23.581145612421913,High School,Delhi,3554.4958918442144,26891.51
52.0,29.48582077370343,29.630500352181986,Bachelor,Hyderabad,925.5473376852602,27533.35
41.0,16.784713274731402,16.606864116945886,Bachelor,Mumbai,4711.341782387541,19746.23
33.0,12.600833624857975,12.768754253324486,Master,Bangalore,3621.258930615313,21361.59
54.0,31.502767741854118,30.03747055392773,High School,Hyderabad,2146.334013254205,33775.25
63.0,40.0,40.191442868192524,PhD,Delhi,139.2862656248175,38729.78
33.0,11.575065669773705,9.750859257166313,Bachelor,Bangalore,2748.157756780746,15494.4
55.0,32.80329370469498,31.94156200099227,Master,Hyderabad,12476.154190990786,32002.3
33.0,11.523163841069442,11.749048141539934,Bachelor,Mumbai,9317.157945208366,16388.26
52.0,32.92651884018945,33.16528350882285,High School,Mumbai,4441.54669829683,35147.35
55.0,36.11547079358063,35.53425640351066,Master,Bangalore,1084.8427011544807,35605.61
41.0,19.10407170269917,18.7480206817597,Master,Delhi,7589.8902210481065,23673.32
53.0,31.240285889975613,31.92555638428268,Master,Mumbai,8707.644943839055,34558.95
33.0,12.614360236199579,12.37234517041324,Bachelor,Delhi,244.33716610031814,13800.41
25.0,1.7315084508489793,2.852968607050472,Master,Chennai,13228.011007283496,11426.3
26.0,4.4996055589273825,4.498645632339209,Master,Delhi,13999.452721259382,12578.55
41.0,18.961205728069217,19.16522381650985,Master,Delhi,,16711.68
60.0,38.47086231718633,39.279299516435636,Bachelor,Chennai,,27513.99
27.0,3.7499467910758915,3.8154603491726014,Master,Bangalore,360.31144871479063,10232.0
41.0,16.615648760036546,16.114476769691144,Master,Chennai,8273.216104325193,22257.09
52.0,26.89052484601306,26.835661120165916,PhD,Delhi,3743.828794423457,29709.53
30.0,6.3239238305155885,6.306118462420543,Bachelor,Hyderabad,6326.07934064833,13088.85
53.0,30.311987072591002,29.62961624649022,Bachelor,Bangalore,5445.292502861971,36233.81
35.0,12.560212620026856,12.432296584356445,Master,Mumbai,6932.9476720985185,15540.54
56.0,36.905846743644275,36.53475069664556,Bachelor,Hyderabad,3149.6930125733006,32643.66
46.0,25.658990054860947,26.121168933454666,Master,Delhi,1485.233415985385,26740.45
45.0,21.55686332548756,21.574169262580185,Bachelor,Mumbai,2972.3286971066077,21029.09
29.0,7.521562678676435,7.38016480410265,Bachelor,Mumbai,878.7267477984756,13646.21
41.0,18.389382645474512,18.336291680163225,Master,Bangalore,,19292.91
58.0,35.57345424293986,35.68501525214295,High School,Mumbai,2789.428783175702,38208.3
22.0,0.27798847412307304,0.5863955739679629,Bachelor,Delhi,1648.1239309379857,6830.55
54.0,32.92875667546309,32.4289005611284,Master,Mumbai,2251.6015415292236,39451.35
43.0,20.491112274173975,19.97031845786334,Master,Delhi,2391.014076452189,107635.38985307055
52.0,31.595777299101538,32.148116906802805,Master,Delhi,3537.05091580273,33346.25
50.0,26.287092660786392,26.080924224684026,Bachelor,Bangalore,,26637.21
40.0,18.0095085935434,17.301087547244965,High School,Delhi,1787.6196475888605,20483.63
35.0,16.896510589893747,17.1184169445853,PhD,Mumbai,3611.2029482855332,20466.8
48.0,26.334619613937914,26.566304516954258,Bachelor,Bangalore,20434.365406724548,26259.03
28.0,8.149821759909258,7.384464131280906,Bachelor,Delhi,652.3693008393765,14242.01
47.0,25.13728026725981,25.252021124991614,Bachelor,Bangalore,1067.7604828533176,22495.35
26.0,4.871165642994695,5.238957189208882,Bachelor,Mumbai,17968.16718009912,11175.41
49.0,26.914825208410964,27.102018434264096,Master,Mumbai,8625.299373411857,26524.66
49.0,26.744388628253695,27.06037937013439,Master,Mumbai,17000.98147954733,34441.37
25.0,1.8307764049118704,1.128641855866496,Master,Delhi,,10080.99
54.0,32.64545203843633,32.81097211593443,Bachelor,Delhi,10439.93887082646,36639.17
39.0,15.722694216221349,15.571384336486126,Bachelor,Chennai,451.8505158483689,19546.17
55.0,33.99837785447014,33.75698277510782,Bachelor,Delhi,9970.274852211205,33366.87
23.0,2.627930506668865,3.0632083113787285,High School,Bangalore,4156.218994686359,8016.25
29.0,7.549797110855845,8.28943436619296,Bachelor,Bangalore,10852.630860864652,13287.9
43.0,20.57062689966646,21.46781192696664,Bachelor,Mumbai,4727.248563306475,23566.66
30.0,,9.338352304715997,High School,Bangalore,41.23847305029756,15843.48
36.0,13.53699041668038,13.482123325865288,Bachelor,Delhi,1924.6051149805317,18231.23
50.0,29.403320688197724,29.579680769710894,Master,Delhi,1158.6424568294258,33444.88
28.0,3.2528908736773143,3.636302309569436,High School,Mumbai,6913.287125516146,10299.58
51.0,28.49658894782203,28.557177922471762,Bachelor,Chennai,5528.975414128749,32782.59
26.0,1.0137820073140036,1.0791641012697757,Master,Hyderabad,1830.7551536836684,10013.86
29.0,4.757408754659192,5.169285320597283,Master,Mumbai,2702.844176809756,15621.31
47.0,27.045793344720863,27.016152021707896,Master,Bangalore,1248.3367275285366,26704.75
56.0,35.34277747295753,34.978134004770695,Bachelor,Chennai,1133.8042173659776,29870.21
29.0,5.920779650072815,5.713543117154885,Master,Delhi,544.5446700407315,12220.93
34.0,9.746244815938654,10.063200004805525,Bachelor,Chennai,3740.480356777242,19695.1
61.0,34.553206743237524,34.5547033888375,Bachelor,Bangalore,1584.6364954456965,36081.6
64.0,40.0,40.17010498843417,Bachelor,Hyderabad,3069.3208754763805,35560.86
46.0,27.630622518371105,27.9656621394722,Bachelor,Hyderabad,4277.514996608825,30453.67
41.0,,19.464905675746667,Bachelor,Mumbai,4461.314334601575,24118.57
36.0,13.160641570925765,13.538765652740668,Bachelor,Delhi,1201.508585415868,21541.18
48.0,26.69762031425046,26.88704161597966,Master,Bangalore,1807.735630811043,22309.43
47.0,22.658562470508336,22.041155927052596,Bachelor,Mumbai,71.52324788101257,23916.74
34.0,11.554014955953546,12.275167351546669,Bachelor,Delhi,2691.059337439963,16403.53
22.0,0.14921620952360773,-0.10115616235485034,High School,Hyderabad,6949.728030256226,5781.49
28.0,5.870849022268427,5.043301350675835,Bachelor,Mumbai,185.4708532445416,13905.55
63.0,40.0,39.477478145206845,Bachelor,Delhi,9097.38910619956,35591.35
39.0,17.516967839354077,17.006445259014917,Bachelor,Chennai,11368.991243015249,21468.37
42.0,21.002489027161996,21.02857568649076,Bachelor,Delhi,4185.840275381608,28809.3
42.0,18.96744157665386,18.830516323880744,Master,Delhi,9118.355911832046,20868.2
55.0,34.34672311261582,34.178307128795524,PhD,Hyderabad,3094.2738708411375,32366.41
24.0,4.443405421435987,4.753256404177226,Bachelor,Delhi,1647.0033605561528,11496.68
25.0,1.5447757205228811,1.714713401119233,Master,Mumbai,316.85989244328096,11362.57
33.0,9.66845651642816,9.826480451750303,Master,Mumbai,254.48341313931033,14890.28
42.0,22.00367650448035,22.208590733144696,PhD,Hyderabad,9171.398242335848,24009.62
50.0,27.71298401995741,28.02105135395853,Master,Delhi,13825.804818600835,31516.03
43.0,23.105732088099835,22.051755417211112,Master,Bangalore,3957.3501284104473,25661.97
40.0,17.336196432161724,17.153977306029493,PhD,Mumbai,11157.465776918309,18524.9
62.0,40.0,38.909894967755264,Master,Delhi,5127.8470393892885,31634.75
28.0,6.197228725208178,6.215258688607076,Bachelor,Hyderabad,8391.73990591668,14464.05
46.0,24.387343234984044,24.385026748871873,High School,Bangalore,4724.692458071216,25343.24
45.0,25.347077032504856,25.869843169899696,High School,Hyderabad,4513.234858372021,21725.42
42.0,19.45734428383374,20.051161480194303,Bachelor,Delhi,2131.9028892591264,21066.86
56.0,32.58831685611256,32.689704380238744,Bachelor,Bangalore,4706.384666090283,32123.36
33.0,10.327153687957468,10.076973149259018,Bachelor,Hyderabad,1502.8654517693196,16952.37
63.0,40.0,40.24258055627287,Bachelor,Delhi,287.0459824115713,30305.15
36.0,11.651361391729228,11.387402573067071,Bachelor,Delhi,3837.384133361184,14598.89
45.0,23.956206353976683,23.95551002825501,Master,Hyderabad,492.8584792097669,26163.5
44.0,21.191843023573384,21.684911182053767,High School,Delhi,2842.0840404456976,22927.39
58.0,37.721718991100346,37.442833318105635,Bachelor,Bangalore,110.32915323802084,36350.69
40.0,14.408609542649293,14.811448862270543,Master,Hyderabad,4770.650576773245,17956.96
34.0,10.820151337343747,11.158852021689897,Master,Mumbai,1892.2624421793612,17480.88
22.0,0.0,-0.47739590856541075,PhD,Delhi,663.1883066046596,11508.89
37.0,13.76065580045407,14.247602864562772,Master,Mumbai,2674.794577700044,19037.84
57.0,35.37149885166342,35.72078202434917,Master,Delhi,2517.6690518759415,34559.45
22.0,0.0,0.05096294368632872,Bachelor,Mumbai,7374.323454615383,7955.83
60.0,37.61993364657798,37.23877191756415,Bachelor,Bangalore,12609.773218174474,31861.07
45.0,22.76122269292991,22.331619683642124,Bachelor,Mumbai,7043.144947996791,23584.83
28.0,6.305082360929915,6.036251072478404,Master,Bangalore,637.4090830180531,14984.23
34.0,10.487195937085339,10.758493168731318,PhD,Delhi,1339.7421176658488,18024.51
45.0,24.060274461348577,23.582461877647876,Bachelor,Delhi,31696.86506319187,22328.56
35.0,13.993998955578226,14.212755079888161,Bachelor,Delhi,2609.7454683067094,17054.39
26.0,4.577556906484151,3.9566791420449547,Bachelor,Chennai,2545.7318067693245,11389.81
50.0,28.834800164126897,28.73276587190747,Bachelor,Delhi,8415.32183962505,26732.44
50.0,28.44462700121299,28.499450878499992,Bachelor,Delhi,8119.603246312892,30317.64
27.0,8.052609954096601,9.275175026626059,High School,Hyderabad,700.4773771162203,13705.88
34.0,,11.180700915661053,PhD,Bangalore,4509.523799525545,19909.57
32.0,9.539375172498135,10.275382455743202,Bachelor,Mumbai,622.3459898035801,17479.15
50.0,26.869708629463933,26.944629836457572,Master,Hyderabad,9088.229019115339,30500.88
53.0,29.451605994133246,29.657191953141226,Master,Delhi,392.6853231843453,26284.88
53.0,29.133292318598386,29.19246627529249,Bachelor,Mumbai,3836.8077537995305,26654.89
62.0,38.66680403015362,38.88916743925124,Bachelor,Delhi,10398.494587576693,34386.35
55.0,32.89397942752189,32.817136875340886,Master,Mumbai,,30862.2
35.0,,14.2284677834753,Bachelor,Mumbai,6214.332984504693,15284.17
26.0,4.076713087828242,3.848477515715881,PhD,Chennai,,12635.18
48.0,24.85169708385543,25.417814369945056,High School,Mumbai,10000.624979587064,23907.72
61.0,40.0,39.67781643989349,Master,Chennai,15297.739235435301,34303.21
63.0,,39.96987407679936,Master,Hyderabad,6319.9156972067585,35423.67
31.0,8.760527538866974,8.224546262721864,Bachelor,Bangalore,12954.297585962418,16507.8
32.0,9.020625783002933,9.248137643176692,Bachelor,Chennai,2164.1236985716646,15070.17
23.0,1.8226418812446994,2.545204859707966,PhD,Chennai,3945.0012357249907,13221.16
28.0,6.2819603812291565,6.24328229131873,Bachelor,Hyderabad,2985.8274190207667,12678.14
45.0,20.82780911087743,20.729366261525474,Bachelor,Delhi,13371.236889066271,23189.18
45.0,22.898029616023393,22.34072113448943,Bachelor,Mumbai,8503.032612487412,125090.2066555116
37.0,15.393053718111572,15.278407391335419,Bachelor,Bangalore,1874.2798516210178,19776.25
35.0,11.65045782026837,10.854060690407605,Master,Bangalore,2344.696945701267,17483.93
57.0,,34.82832609589675,Master,Mumbai,15769.48761203335,41311.16
41.0,16.817766272113317,16.931159295167884,Bachelor,Bangalore,1378.7739626019816,19020.75
56.0,,36.663785748888955,Master,Mumbai,2547.70137661454,37226.58
63.0,40.0,41.40460543061475,Bachelor,Hyderabad,2282.15714568378,37623.48
35.0,12.621223998545553,12.327931456010102,High School,Delhi,134.88612654687748,13649.03
30.0,8.54518150675861,9.26283158508133,Bachelor,Mumbai,4462.520640292376,15179.8
62.0,36.385117051300185,36.50699329150101,PhD,Mumbai,2692.2277288181053,40992.28
49.0,25.265478509602,25.189854686228813,High School,Mumbai,659.7776824828693,22065.47
85.0,11.559331619771806,11.775628845634882,Bachelor,Delhi,87.6504251806031,16534.08
48.0,24.39180046785971,24.42275870969969,Bachelor,Mumbai,2756.824300283863,20941.88
44.0,23.07159472394599,23.1267925867521,Master,Delhi,8590.340569099799,21784.13
60.0,,39.79583341858667,High School,Mumbai,7716.837653804829,38523.35
33.0,9.235077920856046,8.53602309095662,Bachelor,Delhi,1359.4469748949616,14622.32
64.0,40.0,39.22818739873896,Master,Delhi,1805.4698516950623,33892.06
62.0,40.0,40.326622441640616,Bachelor,Delhi,3322.661962042468,37157.07
29.0,9.416674222749432,9.278324177706574,Bachelor,Delhi,478.080331053278,13466.02
29.0,5.1664385311901455,4.868394081362062,Bachelor,Mumbai,5104.036986236128,11766.47
44.0,22.373554183460413,22.37780699682199,Bachelor,Mumbai,,26717.71
23.0,3.731948276219663,4.129414402677477,Bachelor,Mumbai,10646.605452275215,48938.221058028685
34.0,9.522361277731099,9.612543249244299,Master,Chennai,5220.83086827608,14748.79
40.0,16.07839618973125,15.750368721410767,Master,Hyderabad,1869.2446799302743,20460.82
63.0,40.0,40.61314647782447,Master,Hyderabad,8285.843285822859,40704.14
64.0,40.0,40.789592751490815,PhD,Bangalore,11433.285966455449,43727.85
28.0,7.218901931630467,7.466180259291893,Bachelor,Bangalore,3921.73007259709,12766.98
60.0,38.36248957973126,38.8493213354033,Bachelor,Delhi,1606.2941145406414,39508.45
25.0,0.3375569105368075,0.958536908943713,PhD,Chennai,16601.282761024413,10744.36
54.0,32.77311560435122,33.338165262553474,Bachelor,Chennai,,37047.27
58.0,35.13369166896653,35.44074125752284,Master,Chennai,12198.08496347415,30819.51
60.0,39.91167082541186,40.2108443489493,Master,Hyderabad,5586.925100721093,41546.59
31.0,8.05861869534462,8.318448982017872,High School,Delhi,5222.695428617383,11995.32
60.0,37.04507707534665,36.49640823807312,Bachelor,Chennai,5953.246480299245,41012.13
26.0,4.811697416206798,5.16205899463659,Bachelor,Chennai,901.0400847193091,12804.57
44.0,23.144389723505405,22.46648273794213,Bachelor,Delhi,4687.324684955957,21962.3
42.0,,20.27484931834178,Bachelor,Hyderabad,952.9074134656586,22463.52
35.0,10.471604023922787,11.12338655782683,Bachelor,Mumbai,1487.6252762272493,16620.4
22.0,0.8070516598923766,1.2271617412394753,Master,Hyderabad,1976.6417889807574,10942.69
55.0,31.448537922488402,32.192237067331334,PhD,Chennai,7235.492089548933,32524.85
36.0,14.352914167382394,14.217076975538749,Master,Mumbai,3597.028395597711,19366.51
50.0,25.86439834690141,25.288273926263027,Bachelor,Bangalore,3591.9701480443755,28084.14
39.0,17.669483221314596,17.549264622779425,Bachelor,Mumbai,5384.212163444864,21460.53
38.0,14.790101643538941,14.841117292159229,Bachelor,Chennai,3568.276220884467,16623.02
60.0,36.076048024609214,36.11554238277922,High School,Chennai,6302.066799326542,30021.88
26.0,5.070730204723599,5.63757044410195,PhD,Bangalore,385.4956640009511,14341.4
53.0,31.362466782515128,31.181831570013404,Bachelor,Hyderabad,2545.3908827107125,33720.51
54.0,31.079034797910655,31.255052033812117,Bachelor,Mumbai,3729.6055641977036,35160.44
38.0,18.176768273531597,17.682454698814293,Master,Delhi,583.4408768721211,22713.83
33.0,10.339021367645387,10.564180006667293,Bachelor,Delhi,3072.627324903368,15110.6
22.0,0.04816151095640199,0.04971578604922036,High School,Mumbai,3133.566030485611,8456.9
62.0,40.0,39.625093330857744,Bachelor,Delhi,6146.418371319044,34128.79
62.0,39.07050109880708,38.95258641771965,Master,Delhi,1969.204435097697,35483.05
32.0,10.706704440099895,10.614616566842283,Master,Delhi,5486.865735590631,15062.25
23.0,0.19982147925291338,0.06474391458436529,Bachelor,Delhi,6836.056202499875,7348.18
27.0,,5.268213137809528,PhD,Hyderabad,5898.481915102968,14139.19
24.0,4.043963959705012,3.9947409585510725,Master,Delhi,1601.4428808873618,11216.62
57.0,33.43912092123135,33.317172866142684,Master,Hyderabad,6529.767361705048,34567.53
60.0,34.38082950360577,33.3321040248007,Bachelor,Delhi,6007.099086073068,35455.4
28.0,8.416405492517843,7.9693018165281035,High School,Delhi,1950.1087871022999,13133.76
54.0,35.8239919289105,35.692455216682326,Master,Bangalore,1330.5915683835858,36263.56
29.0,6.392096101826002,6.049169763737681,Bachelor,Delhi,1871.15642040711,12763.23
37.0,12.094742939069722,12.78559673575862,Master,Delhi,866.1447600832704,18214.15
47.0,24.534274035706083,24.451805148007974,Master,Bangalore,4103.729906991025,24774.46
52.0,29.570665575238998,30.214887699898124,High School,Mumbai,3708.800676835131,29671.09
59.0,,36.7459665554918,Master,Delhi,2973.0737187625823,37519.01
23.0,0.0,0.018613918210788317,PhD,Bangalore,1752.6170377779301,10659.56
30.0,8.869341713714716,8.824943489858466,Master,Delhi,543.5285815912193,14686.52
34.0,12.786761062929129,12.788659188739858,Bachelor,Chennai,11442.558577847883,15792.96
35.0,,11.61778907179597,Master,Delhi,4269.239118562582,15919.12
64.0,40.0,38.84019463662439,Bachelor,Hyderabad,7591.592307185565,31454.91
55.0,36.07902747291884,35.0782546006995,Master,Chennai,8942.582906013626,38073.77
35.0,13.25794049865559,12.986355083127533,Master,Hyderabad,7640.263407325865,20780.01
63.0,40.0,40.007263940968784,Master,Chennai,2780.038253981763,39368.4
43.0,20.786995178388718,21.132047390770726,Bachelor,Mumbai,4994.067665495686,26977.91
43.0,21.922885150452842,22.15942874946658,High School,Bangalore,228.1746385136275,21300.22
40.0,15.403992591739172,15.211869635298887,Bachelor,Mumbai,8523.72432128672,26495.89
28.0,6.246586054465953,6.756107901086835,Bachelor,Chennai,11896.885093424164,12182.41
62.0,39.41430407580579,39.929401777382154,Bachelor,Bangalore,13687.593616352866,36592.26
22.0,,2.863766435069851,Bachelor,Delhi,1390.1463270322242,9042.45
29.0,6.738740899292563,7.220069685535984,Bachelor,Hyderabad,1245.5399097178258,12729.3
31.0,11.50183141667928,11.638154048395345,Master,Mumbai,3421.842930725847,18599.84
34.0,,10.063647439935547,PhD,Bangalore,5117.555285809843,17590.26
27.0,5.880888750204188,6.229797169704191,Bachelor,Chennai,4598.903403925216,15081.42
22.0,0.47910039568684326,0.5344069569761821,Master,Mumbai,9992.53531819489,9365.86
51.0,27.696429128202826,27.69709905158007,Master,Bangalore,,30078.69
63.0,40.0,40.736476786094784,Bachelor,Chennai,3635.50943080127,32892.36
27.0,6.8187782552474,5.593342190977356,Bachelor,Mumbai,3881.473767835287,13599.1
34.0,11.514312443570098,10.805470358490313,Master,Bangalore,2834.95618366484,17186.02
43.0,18.462056026245357,17.868520813058172,PhD,Delhi,2748.062101599394,22757.73
61.0,38.97365576028383,38.79202543649943,Master,Bangalore,1932.5780668411244,33318.65
51.0,27.64636535781123,27.519061272928216,PhD,Mumbai,759.4944762401009,37953.33
54.0,31.486488592004175,30.73282576811765,PhD,Hyderabad,1533.5232239331704,32626.5
46.0,23.877618345472317,23.385039329316903,Bachelor,Hyderabad,,20536.6
39.0,14.441521675976723,14.011100836714938,Master,Mumbai,3343.5115697110637,18157.67
30.0,,6.805224537056929,Bachelor,Delhi,18287.547855439952,12531.44
59.0,37.72310025328829,38.62397122716186,PhD,Bangalore,4407.901371581871,38949.86
56.0,33.21592195574548,33.010047246903156,High School,Chennai,3934.8343893394504,32511.31
23.0,0.0,-0.18179164515339946,Bachelor,Delhi,4093.7809036465,9098.66
52.0,31.177266054912202,30.602664056318055,Master,Mumbai,1242.352894959032,28279.92
25.0,3.40855463291136,2.4544894262987267,Bachelor,Mumbai,3325.3376584532134,10078.49
53.0,29.929187763945276,29.870747670741014,Master,Hyderabad,1144.192028636023,27270.94
57.0,33.02475468341264,32.52582869179062,Bachelor,Delhi,5471.915627013347,29029.3
27.0,,6.2112865786405,PhD,Hyderabad,9254.209715363033,12466.37
40.0,,17.723923009318906,Master,Delhi,1238.2894638167568,19118.64
27.0,8.57390342402611,8.19291619487098,Bachelor,Hyderabad,13654.993911346495,15312.22
46.0,24.630282898087405,24.70459644573882,Master,Mumbai,11102.46715331236,28186.24
61.0,39.58155471189302,39.76465951078499,Bachelor,Mumbai,8.850145055200695,39948.33
25.0,2.749608104837152,2.9583440842081594,Master,Hyderabad,2241.727000221074,9948.61
39.0,18.225163800801187,17.56491930872267,Master,Hyderabad,1072.9466295941743,22486.12
63.0,40.0,40.42734286506778,Master,Delhi,850.6229829984853,31041.6
34.0,13.877587512847793,13.477481664546868,High School,Delhi,8812.058514596132,17863.87
27.0,4.2180156220440725,4.534444579347726,Bachelor,Delhi,6285.521221848739,11815.89
43.0,20.346888790584057,20.34156945227496,Master,Delhi,3312.0665606043353,24452.44
43.0,20.28134524363203,19.593151494093053,Bachelor,Mumbai,8151.939316344277,23501.12
50.0,29.186202581768484,29.02810372947789,Bachelor,Hyderabad,7247.8818827965515,24982.16
35.0,15.247561660445097,15.43024353147698,High School,Delhi,474.9854390036095,14878.8
63.0,40.0,40.3064826902373,Bachelor,Chennai,417.3020617661282,33620.17
44.0,21.362839408310364,21.292345459588155,Master,Mumbai,7105.276549536838,25174.67
34.0,12.4711158358047,13.237005281105226,High School,Mumbai,510.34710861651257,16751.04
63.0,40.0,40.50375538549328,Bachelor,Bangalore,,31062.12
61.0,40.0,39.87167294180012,PhD,Delhi,5176.568415350861,33669.24
43.0,17.62233406407143,17.997394970139904,High School,Bangalore,,19026.71
23.0,,0.9668967425940934,Master,Mumbai,2665.83368906332,10127.4
47.0,23.826375499057832,24.806617799449345,Bachelor,Hyderabad,1558.9551813413834,22102.41
45.0,19.519465981420783,18.905466041009536,Master,Chennai,2039.8751043780428,20260.65
28.0,4.554542333446793,4.091275777868218,Master,Hyderabad,629.9884657873107,11377.55
49.0,25.62726582623111,26.369725219598035,Master,Mumbai,2132.9486558445287,26390.1
58.0,,35.16920249280294,Bachelor,Delhi,5867.2740516085505,28271.93
26.0,5.669448837490395,5.008178270844556,Bachelor,Delhi,10332.910388810275,12330.95
53.0,30.632409023213945,30.38931195786442,Master,Bangalore,318.34517572712537,33462.25
28.0,4.453779419593269,4.663892774330562,Bachelor,Delhi,9876.019440867905,9772.01
54.0,31.914568188179707,31.86336983487416,Bachelor,Mumbai,15254.627629415589,29782.21
40.0,19.573760432162025,19.24847862195923,High School,Delhi,13149.180857262927,22680.33
22.0,0.0,-0.3371062308622545,PhD,Delhi,3952.66532749883,9452.0
63.0,39.634137674117824,39.27796914191147,Master,Delhi,9844.408770826083,34613.94
29.0,7.837823438911335,7.398068624581864,Master,Mumbai,7174.382023092537,15433.49
47.0,24.6676958264038,25.80851226504183,Master,Delhi,3800.052718786117,25014.11
29.0,7.971227036064212,8.119982571656989,Bachelor,Bangalore,4168.613072669147,14782.95
62.0,,40.422909339509424,Bachelor,Delhi,,38166.1
53.0,,31.807956738074893,Bachelor,Delhi,8656.510480439973,29156.79
56.0,32.44738282893904,32.35440449034601,Master,Bangalore,398.3641789882961,33463.33
40.0,17.9818730238176,17.625096033132422,Bachelor,Chennai,5756.57127195611,21806.75
42.0,19.683964978455265,18.358110810995665,Master,Delhi,19362.6303159466,25095.27
49.0,25.176163613843805,24.48715897541987,Master,Bangalore,7131.0519044057655,25205.86
55.0,30.654783078196967,29.74947373820677,Bachelor,Hyderabad,4039.9110740088768,30496.63
58.0,37.028623552911995,35.90373166393619,Bachelor,Bangalore,2379.703635906077,34016.97
22.0,0.0,-0.5976794871490514,High School,Hyderabad,9439.018952255039,7889.78
50.0,26.466579577529007,27.129057417219823,PhD,Chennai,472.93788871263627,26282.81
26.0,3.8557315946150017,3.8335135107628244,PhD,Mumbai,3379.720835948659,13864.25
34.0,13.692028286023953,14.33731016718454,PhD,Delhi,,20099.53
57.0,31.578893231942114,31.784384520392553,Bachelor,Bangalore,2045.138166189145,26993.52
32.0,,8.14632137800259,Bachelor,Hyderabad,2468.9804552166,16016.21
56.0,32.6156703371571,32.16522183950481,Bachelor,Delhi,462.8603818632643,39152.07
41.0,21.191768300080494,21.45374377717683,High School,Mumbai,809.1560748360483,24436.23
32.0,10.423880474378945,10.788237591416118,High School,Bangalore,148.32321873959725,16966.61
36.0,15.15097586069184,14.862652214574993,High School,Mumbai,2139.9924792153856,18295.47
44.0,20.289758621310654,20.569528806618738,PhD,Chennai,3678.2801523571666,21386.31
54.0,30.32069618709421,30.603790066381627,High School,Bangalore,1988.7638884858968,23467.46
48.0,26.671720575084066,26.396944264519025,High School,Chennai,1742.2944239855394,26633.82
62.0,40.0,39.4386157838645,Master,Hyderabad,5778.451162892041,192579.68057207175
59.0,37.82310822829619,37.23104406234705,Bachelor,Bangalore,13833.866448541032,31126.75
54.0,,31.76174628456805,Master,Bangalore,3765.0747773523326,31266.02
47.0,25.41721558968194,25.5807205240766,Master,Chennai,,28493.84
34.0,12.237178627357665,11.840915712128707,Master,Chennai,1665.191060741133,14957.67
39.0,18.16665108362739,18.179943754290438,Master,Hyderabad,2336.6573832203917,20003.98
27.0,6.210512422916706,6.495780940985949,Bachelor,Mumbai,2059.905777546483,14613.99
38.0,13.570192008412345,13.879287365744995,Master,Bangalore,15323.162872623205,18280.16
61.0,35.629097166988714,36.40503722704996,Bachelor,Mumbai,6210.749424160656,36802.06
40.0,19.50261809647726,20.14110851257628,Bachelor,Hyderabad,7675.373879885295,20442.74
